"num","sec","pl","name","desc","status","note"
"301","1","w","BootDiagnostic","diagnostica problemas de inicializacao","keep","impl-f1"
"302","1","w","BootTimeReport","mede tempo de boot","keep","impl-piloto-v2"
"303","1","w","ShutdownDiagnostic","analisa desligamentos lentos","keep","impl-f1"
"304","1","w","CrashHistory","historico de falhas","keep","impl-f1"
"305","1","w","BlueScreenHistory","localiza evidencias de BSOD","keep","impl-f1"
"306","1","w","WindowsErrorReport","coleta erros do sistema","keep","impl-f1"
"307","1","w","CriticalEvents","mostra eventos criticos","keep","impl-f1"
"308","1","w","UnexpectedShutdowns","identifica desligamentos inesperados","keep","impl-f1"
"309","1","w","DriverCrashReport","procura indicios de falha de driver","keep","impl-f1"
"310","1","w","ServiceFailureReport","servicos que falharam","keep","impl-f1"
"311","1","w","ServiceDependencyCheck","verifica dependencias de servicos","keep","impl-f1"
"312","1","w","HungProcessDetector","identifica processos travados","keep","impl-f1"
"313","1","w","HighCPUDetector","detecta CPU anormal","keep","impl-f1"
"314","1","w","HighMemoryDetector","detecta consumo anormal de RAM","keep","impl-f1"
"315","1","w","DiskUsageAnalyzer","analisa uso do armazenamento","keep","impl-f1"
"316","1","w","DiskQueueReport","relatorio de fila de disco","keep","impl-f1"
"317","1","w","IOLatencyReport","diagnostico de latencia de I/O","keep","impl-f1"
"318","1","w","SystemLoadMonitor","monitor de carga","keep","impl-f1"
"319","1","w","ResourceSnapshot","tira snapshot do sistema","keep","impl-f1"
"320","1","w","SystemSnapshotDiff","compara dois snapshots","keep","impl-f1"
"321","1","w","ProcessSnapshotDiff","compara processos","keep","impl-f1"
"322","1","w","DriverSnapshotDiff","compara drivers","keep","impl-f1"
"323","1","w","ServiceSnapshotDiff","compara servicos","keep","impl-f1"
"324","1","w","WindowsHealthScore","cria um score de diagnostico","keep","impl-f1"
"325","1","w","EmergencyDiagnostics","coleta tudo em um pacote","keep","impl-f1"
"326","2","w","UpdateHistoryReport","","keep","impl-f1"
"327","2","w","FailedUpdateFinder","","keep","impl-f1"
"328","2","w","PendingRestartDetector","","keep","impl-f1"
"329","2","w","UpdateCacheInspector","","keep","impl-f1"
"330","2","w","UpdateServiceCheck","","keep","impl-f1"
"331","2","w","UpdateServiceRepair","","keep","impl-piloto-v2"
"332","2","w","WindowsUpdateLogCollector","","keep","impl-f1"
"333","2","w","UpdateStorageAnalyzer","","keep","impl-f1"
"334","2","w","UpdateErrorCodes","","keep","impl-f1"
"335","2","w","UpdateConnectivityTest","","keep","impl-f1"
"336","2","w","ComponentStoreReport","","keep","impl-f1"
"337","2","w","ComponentStoreCheck","","keep","impl-f1"
"338","2","w","SystemImageHealthCheck","","keep","impl-f1"
"339","2","w","RecoveryEnvironmentCheck","","keep","impl-f1"
"340","2","w","RecoveryPartitionInfo","","keep","impl-f1"
"341","2","w","RestorePointList","","keep","impl-f1"
"342","2","w","RestorePointCreator","","keep","impl-f1"
"343","2","w","RecoverySnapshot","","keep","impl-f1"
"344","2","w","BootConfigurationBackup","","keep","impl-f1"
"345","2","w","BootConfigurationReport","","keep","impl-f1"
"346","2","w","SafeModeHelper","","keep","impl-f1"
"347","2","w","RecoveryToolsMenu","","keep","impl-f1"
"348","2","w","OfflineRepairGuide","","keep","impl-f1"
"349","2","w","UpdateTroubleshooter","","keep","impl-f1"
"350","2","w","WindowsRepairBundle","","keep","impl-f1"
"351","3","w","DiskTemperatureReport","","keep",""
"352","3","w","SMARTInfo","","keep",""
"353","3","w","DriveHealthCheck","","keep","impl-piloto-v2"
"354","3","w","SSDHealthReport","","keep",""
"355","3","w","HDDHealthReport","","keep",""
"356","3","w","StorageDeviceInventory","","keep",""
"357","3","w","PartitionReport","","keep",""
"358","3","w","VolumeReport","","keep",""
"359","3","w","MountPointReport","","keep",""
"360","3","w","DriveLetterManager","","keep",""
"361","3","w","FreeSpaceThreshold","","keep",""
"362","3","w","LowDiskSpaceAlert","","keep",""
"363","3","w","StorageTrendLogger","","keep",""
"364","3","w","LargestFolders","","keep",""
"365","3","w","LargestFilesByExtension","","keep",""
"366","3","w","OldestFiles","","remove","dup OldFiles: lista arquivos mais antigos que N dias"
"367","3","w","NewestFiles","","remove","dup RecentFiles: arquivos modificados nos ultimos N dias"
"368","3","w","UnusedFiles","","keep",""
"369","3","w","TemporaryFileAnalyzer","","keep",""
"370","3","w","CacheSizeReport","","keep",""
"371","3","w","RecycleBinAnalyzer","","keep",""
"372","3","w","StorageCleanupPreview","","keep",""
"373","3","w","BackupSizeEstimator","","keep",""
"374","3","w","BackupVerification","","keep",""
"375","3","w","StorageEmergencyReport","","keep",""
"376","4","w","DHCPDiagnostic","diagnostica problemas de DHCP","keep",""
"377","4","w","DHCPLeaseReport","mostra leases DHCP","keep",""
"378","4","w","DNSHealthCheck","verifica saude do DNS","keep",""
"379","4","w","DNSLatencyTest","mede latencia do DNS","keep",""
"380","4","w","DNSConsistencyTest","compara respostas de DNS","keep",""
"381","4","w","GatewayReachability","testa alcance do gateway","keep",""
"382","4","w","DefaultRouteCheck","verifica rota padrao","keep",""
"383","4","w","MTUTest","testa MTU da conexao","keep",""
"384","4","w","PacketLossMonitor","monitora perda de pacotes","keep",""
"385","4","w","JitterMonitor","monitora jitter","keep",""
"386","4","w","LatencyLogger","registra latencia ao longo do tempo","keep",""
"387","4","w","WiFiDisconnectLogger","registra quedas de Wi-Fi","keep",""
"388","4","w","WiFiReconnectHelper","reconecta ao Wi-Fi","keep",""
"389","4","w","WiFiAdapterReset","reinicia o adaptador Wi-Fi","keep",""
"390","4","w","EthernetDiagnostic","diagnostica conexao com cabo","keep",""
"391","4","w","IPv4Diagnostic","diagnostica IPv4","keep",""
"392","4","w","IPv6Diagnostic","diagnostica IPv6","keep",""
"393","4","w","DualStackTest","testa IPv4 e IPv6","keep",""
"394","4","w","ProxyDetector","detecta proxy configurado","keep",""
"395","4","w","ProxyConfigurationReport","relatorio de configuracao de proxy","keep",""
"396","4","w","VPNInterfaceDetector","detecta interfaces de VPN","keep",""
"397","4","w","VPNConnectivityTest","testa conectividade por VPN","keep",""
"398","4","w","NetworkProfileReport","relatorio de perfis de rede","keep",""
"399","4","w","PrivateNetworkCheck","verifica rede privada","keep",""
"400","4","w","PublicNetworkCheck","verifica rede publica","keep",""
"401","4","w","CaptivePortalDetector","detecta portal cativo","keep",""
"402","4","w","InternetRouteAnalyzer","analisa rota ate a internet","keep",""
"403","4","w","LocalNetworkScanner","varre a rede local","keep",""
"404","4","w","NetworkIncidentReport","relatorio de incidente de rede","keep",""
"405","4","w","NetworkEmergencyReset","reset de emergencia de rede","keep",""
"406","5","w","SecurityBaselineReport","verifica baseline de seguranca","keep",""
"407","5","w","FirewallAudit","audita regras de firewall","keep",""
"408","5","w","FirewallChangeReport","mostra mudancas no firewall","keep",""
"409","5","w","DefenderStatusReport","status do Windows Defender","remove","dup WindowsDefenderStatus: status do Defender"
"410","5","w","DefenderPreferenceAudit","audita preferencias do Defender","keep",""
"411","5","w","AntivirusInventory","inventario de antivirus","keep",""
"412","5","w","SecurityProviderInventory","inventario de provedores de seguranca","keep",""
"413","5","w","UnsignedDriverReport","drivers sem assinatura","keep",""
"414","5","w","UnsignedExecutableReport","executaveis sem assinatura","keep",""
"415","5","w","SuspiciousStartupReport","itens de inicializacao suspeitos","keep",""
"416","5","w","SuspiciousScheduledTasks","tarefas agendadas suspeitas","keep",""
"417","5","w","SuspiciousServices","servicos suspeitos","keep",""
"418","5","w","UnusualListeningPorts","portas incomuns escutando","keep",""
"419","5","w","UnusualOutboundConnections","conexoes de saida incomuns","keep",""
"420","5","w","LocalAdminAudit","auditoria de administradores locais","keep",""
"421","5","w","GuestAccountAudit","auditoria de conta convidado","keep",""
"422","5","w","PasswordPolicyReport","relatorio de politica de senhas","keep",""
"423","5","w","AccountLockoutReport","relatorio de bloqueios de conta","keep",""
"424","5","w","InactiveAccountsReport","contas inativas","keep",""
"425","5","w","RecentLoginReport","logins recentes","keep",""
"426","5","w","FailedLoginReport","logins com falha","keep",""
"427","5","w","SecurityLogSummary","resumo do log de seguranca","keep",""
"428","5","w","AuditPolicyReport","politicas de auditoria","keep",""
"429","5","w","UACStatusReport","status do UAC","keep",""
"430","5","w","SecureBootStatus","status do Secure Boot","keep",""
"431","5","w","TPMStatus","status do TPM","keep",""
"432","5","w","BitLockerStatus","status do BitLocker","keep",""
"433","5","w","DeviceEncryptionStatus","status de criptografia de dispositivo","keep",""
"434","5","w","SecurityPostureReport","postura geral de seguranca","keep",""
"435","5","w","SecuritySnapshot","snapshot de seguranca","keep",""
"436","6","w","PrivacyAudit","auditoria de privacidade","keep","impl-piloto-v2"
"437","6","w","TelemetrySettingsReport","configuracoes de telemetria","keep",""
"438","6","w","MicrophoneAccessReport","acesso ao microfone","keep",""
"439","6","w","CameraAccessReport","acesso a camera","keep",""
"440","6","w","LocationAccessReport","acesso a localizacao","keep",""
"441","6","w","AppPermissionsReport","permissoes de aplicativos","keep",""
"442","6","w","BrowserProfileInventory","perfis de navegador","keep",""
"443","6","w","BrowserCacheReport","cache de navegador","keep",""
"444","6","w","BrowserCookieReport","cookies de navegador","keep",""
"445","6","w","BrowserExtensionInventory","extensoes de navegador","keep",""
"446","6","w","AutofillAudit","auditoria de preenchimento automatico","keep",""
"447","6","w","SavedCredentialWarning","alerta de credenciais salvas","keep",""
"448","6","w","ClipboardPrivacyCheck","privacidade da area de transferencia","keep",""
"449","6","w","RecentActivityAudit","auditoria de atividade recente","keep",""
"450","6","w","FileMetadataScanner","metadados de arquivos","keep",""
"451","6","w","DocumentMetadataReport","metadados de documentos","keep",""
"452","6","w","ImageMetadataReport","metadados de imagens","keep",""
"453","6","w","PrivacyCleanupPreview","limpeza de privacidade com previa","keep",""
"454","6","w","PrivacySettingsBackup","backup de configuracoes de privacidade","keep",""
"455","6","w","PrivacyBaseline","baseline de privacidade","keep",""
"456","7","w","UserInventory","inventario de usuarios","keep",""
"457","7","w","UserProfileReport","relatorio de perfil de usuario","keep",""
"458","7","w","LocalGroupReport","relatorio de grupos locais","keep",""
"459","7","w","AdministratorsGroupAudit","auditoria do grupo Administradores","keep",""
"460","7","w","PermissionInheritanceReport","heranca de permissoes","keep",""
"461","7","w","ACLReport","relatorio de ACLs","keep",""
"462","7","w","FilePermissionDiff","diferenca de permissoes de arquivos","keep",""
"463","7","w","FolderPermissionAudit","auditoria de permissoes de pastas","keep",""
"464","7","w","OrphanedProfileDetector","perfis orfaos","keep",""
"465","7","w","UnusedProfileDetector","perfis nao usados","keep",""
"466","7","w","ProfileSizeReport","tamanho de perfis","keep",""
"467","7","w","ProfileBackup","backup de perfil","keep",""
"468","7","w","ProfileRestore","restauracao de perfil","keep",""
"469","7","w","UserEnvironmentReport","ambiente do usuario","keep",""
"470","7","w","UserStartupAudit","inicializacao do usuario","keep",""
"471","7","w","UserTaskAudit","tarefas do usuario","keep",""
"472","7","w","UserShellReport","shell do usuario","keep",""
"473","7","w","AccountConfigurationBackup","backup de configuracao de conta","keep",""
"474","7","w","AccountConfigurationReport","configuracao de conta","keep",""
"475","7","w","IdentityDiagnostics","diagnostico de identidade","keep",""
"476","8","w","ProcessTree","arvore de processos","keep",""
"477","8","w","ProcessResourceReport","recursos por processo","keep",""
"478","8","w","ProcessLifetimeReport","tempo de vida de processos","keep",""
"479","8","w","ProcessStartLogger","registra inicio de processos","keep",""
"480","8","w","ProcessExitLogger","registra saida de processos","keep",""
"481","8","w","ProcessWatcher","vigilante de processos","keep",""
"482","8","w","ProcessRestartWatcher","vigia reinicios de processos","keep",""
"483","8","w","ServiceInventory","inventario de servicos","keep",""
"484","8","w","ServiceStartupReport","como os servicos iniciam","keep",""
"485","8","w","DisabledServicesReport","servicos desabilitados","keep",""
"486","8","w","AutomaticServicesReport","servicos automaticos","keep",""
"487","8","w","ServiceRecoveryReport","recuperacao de servicos","keep",""
"488","8","w","ServiceDependencyGraph","grafo de dependencias","keep",""
"489","8","w","ServiceChangeLogger","registra mudancas em servicos","keep",""
"490","8","w","ServiceHealthMonitor","monitor de saude de servicos","keep",""
"491","8","w","CriticalProcessMonitor","monitor de processos criticos","keep",""
"492","8","w","ApplicationCrashMonitor","monitor de crashes de aplicativos","keep",""
"493","8","w","BackgroundProcessReport","processos em segundo plano","keep",""
"494","8","w","OrphanProcessDetector","processos orfaos","keep",""
"495","8","w","ZombieProcessReport","processos zumbis","keep",""
"496","8","w","ResourceLeakMonitor","monitor de vazamento de recursos","keep",""
"497","8","w","ProcessHistory","historico de processos","keep",""
"498","8","w","ServiceHistory","historico de servicos","keep",""
"499","8","w","EmergencyProcessKiller","finalizador de processos de emergencia","keep",""
"500","8","w","ProcessDiagnosticsBundle","pacote de diagnostico de processos","keep",""
"501","9","w","DailyWorkspace","","keep",""
"502","9","w","MorningRoutine","","keep",""
"503","9","w","EndOfDayRoutine","","keep",""
"504","9","w","WeekendCleanup","","keep",""
"505","9","w","WeeklyBackup","","keep",""
"506","9","w","MonthlyArchive","","keep",""
"507","9","w","ProjectRotation","","keep",""
"508","9","w","ClientWorkspace","","keep",""
"509","9","w","DeveloperWorkspace","","keep",""
"510","9","w","DesignerWorkspace","","keep",""
"511","9","w","StreamerWorkspace","","keep",""
"512","9","w","StudyWorkspace","","keep",""
"513","9","w","RemoteWorkWorkspace","","keep",""
"514","9","w","HomeOfficeWorkspace","","keep",""
"515","9","w","AdminWorkspace","","keep",""
"516","9","w","EmergencyWorkspace","","keep",""
"517","9","w","TravelWorkspace","","keep",""
"518","9","w","PresentationWorkspace","","keep",""
"519","9","w","RecordingWorkspace","","keep",""
"520","9","w","CodingSession","","keep",""
"521","9","w","ResearchSession","","keep",""
"522","9","w","WritingSession","","keep",""
"523","9","w","EditingSession","","keep",""
"524","9","w","BuildSession","","keep",""
"525","9","w","TestingSession","","keep",""
"526","9","w","DeploymentSession","","keep",""
"527","9","w","BackupSession","","keep",""
"528","9","w","ShutdownRoutine","","keep",""
"529","9","w","AutomationDashboard","","keep",""
"530","9","w","UniversalLauncher","","keep",""
"531","10","w","GitRepoHealth","","keep",""
"532","10","w","GitLargeFiles","","keep",""
"533","10","w","GitUntrackedReport","","keep",""
"534","10","w","GitIgnoredReport","","keep",""
"535","10","w","GitBranchCleanup","","keep",""
"536","10","w","GitTagCreator","","keep",""
"537","10","w","GitReleasePrep","","keep",""
"538","10","w","GitChangelogGenerator","","keep",""
"539","10","w","GitCommitStats","","keep",""
"540","10","w","GitContributorReport","","keep",""
"541","10","w","GitRepositoryBackup","","keep",""
"542","10","w","GitRepositoryClone","","keep",""
"543","10","w","GitRepositoryRepair","","keep",""
"544","10","w","GitSubmoduleReport","","keep",""
"545","10","w","GitLFSReport","","keep",""
"546","10","w","ProjectDependencyReport","","keep",""
"547","10","w","ProjectEnvironmentCheck","","keep",""
"548","10","w","ProjectPortChecker","","remove","dup PortCheck: testa se porta TCP esta aberta"
"549","10","w","ProjectProcessKiller","","keep",""
"550","10","w","ProjectCacheCleaner","","keep",""
"551","10","w","ProjectArtifactCleaner","","keep",""
"552","10","w","ProjectLogCleaner","","keep",""
"553","10","w","ProjectTestRunner","","keep",""
"554","10","w","ProjectBenchmarkRunner","","keep",""
"555","10","w","ProjectBuildTimer","","keep",""
"556","10","w","ProjectSizeReport","","keep",""
"557","10","w","ProjectFileCount","","keep",""
"558","10","w","ProjectLicenseReport","","keep",""
"559","10","w","ProjectHealthReport","","keep",""
"560","10","w","DeveloperDiagnostics","","keep",""
"561","11","w","PythonEnvironmentAudit","","keep",""
"562","11","w","PythonPackageReport","","keep",""
"563","11","w","PythonCacheCleaner","","keep",""
"564","11","w","PythonVenvManager","","keep",""
"565","11","w","PythonProjectStarter","","remove","dup PythonProject: cria estrutura Python"
"566","11","w","NodeEnvironmentAudit","","keep",""
"567","11","w","NodeModulesCleaner","","keep",""
"568","11","w","NPMCacheCleaner","","keep",""
"569","11","w","NodeProjectStarter","","remove","dup NodeProject: cria projeto Node"
"570","11","w","JavaEnvironmentAudit","","keep",""
"571","11","w","MavenCacheReport","","keep",""
"572","11","w","GradleCacheReport","","keep",""
"573","11","w","JavaProjectStarter","","remove","dup JavaProject: cria estrutura Java"
"574","11","w","RustEnvironmentAudit","","keep",""
"575","11","w","CargoCacheReport","","keep",""
"576","11","w","RustProjectStarter","","remove","dup RustProject: cargo new"
"577","11","w","GoEnvironmentAudit","","keep",""
"578","11","w","GoCacheReport","","keep",""
"579","11","w","GoProjectStarter","","remove","dup GoProject: go mod init"
"580","11","w","DotNetEnvironmentAudit","","keep",""
"581","11","w","NuGetCacheCleaner","","keep",""
"582","11","w","DotNetProjectStarter","","keep",""
"583","11","w","SDKVersionReport","","keep",""
"584","11","w","DeveloperToolchainReport","","keep",""
"585","11","w","UniversalDevDoctor","","keep",""
"586","12","w","DockerHealth","","keep",""
"587","12","w","DockerContainerReport","","keep",""
"588","12","w","DockerImageReport","","keep",""
"589","12","w","DockerVolumeReport","","keep",""
"590","12","w","DockerNetworkReport","","keep",""
"591","12","w","DockerCleanupPreview","","keep",""
"592","12","w","DockerLogCollector","","keep",""
"593","12","w","DockerComposeLauncher","","keep",""
"594","12","w","DockerProjectReset","","keep",""
"595","12","w","WSLDistributionReport","","keep",""
"596","12","w","WSLResourceReport","","keep",""
"597","12","w","WSLNetworkReset","","keep",""
"598","12","w","WSLBackup","","keep",""
"599","12","w","WSLRestore","","keep",""
"600","12","w","WSLProjectLauncher","","keep",""
"601","12","w","WSLHealthCheck","","keep",""
"602","12","w","VirtualMachineInventory","","keep",""
"603","12","w","HyperVStatus","","keep",""
"604","12","w","VirtualizationCheck","","keep",""
"605","12","w","DeveloperVirtualizationDoctor","","keep",""
"606","13","l","LinuxSystemReport","","keep","impl-piloto-v2"
"607","13","l","LinuxDiskReport","","keep","impl-piloto-v2"
"608","13","l","LinuxMemoryReport","","keep",""
"609","13","l","LinuxCPUReport","","keep",""
"610","13","l","LinuxNetworkReport","","keep",""
"611","13","l","LinuxProcessReport","","keep",""
"612","13","l","LinuxServiceReport","","keep",""
"613","13","l","LinuxBootReport","","keep",""
"614","13","l","LinuxKernelReport","","keep",""
"615","13","l","LinuxPackageReport","","keep",""
"616","13","l","LinuxUpdateCheck","","keep","impl-piloto-v2"
"617","13","l","LinuxBrokenPackages","","keep",""
"618","13","l","LinuxDiskCleanup","","keep",""
"619","13","l","LinuxJournalReport","","keep",""
"620","13","l","LinuxFailedServices","","keep",""
"621","13","l","LinuxUserAudit","","keep",""
"622","13","l","LinuxSSHAudit","","keep",""
"623","13","l","LinuxFirewallAudit","","keep",""
"624","13","l","LinuxPortAudit","","keep",""
"625","13","l","LinuxCronAudit","","keep",""
"626","13","l","LinuxStorageHealth","","keep",""
"627","13","l","LinuxNetworkReset","","keep",""
"628","13","l","LinuxBackup","","keep",""
"629","13","l","LinuxRestore","","keep",""
"630","13","l","LinuxEmergencyDiagnostics","","keep",""
"631","14","m","MacSystemReport","","keep","impl-piloto-v2"
"632","14","m","MacHardwareReport","","keep",""
"633","14","m","MacStorageReport","","keep",""
"634","14","m","MacBatteryHealth","","keep",""
"635","14","m","MacNetworkReport","","keep",""
"636","14","m","MacProcessReport","","keep",""
"637","14","m","MacLaunchAgentsAudit","","keep",""
"638","14","m","MacLaunchDaemonsAudit","","keep",""
"639","14","m","MacStartupAudit","","keep",""
"640","14","m","MacPrivacyAudit","","keep",""
"641","14","m","MacPermissionsAudit","","keep",""
"642","14","m","MacFirewallAudit","","keep",""
"643","14","m","MacDiskHealth","","keep",""
"644","14","m","MacTimeMachineCheck","","keep",""
"645","14","m","MacBackupStatus","","keep",""
"646","14","m","MacDeveloperSetup","","keep",""
"647","14","m","MacXcodeDoctor","","keep",""
"648","14","m","MacHomebrewDoctor","","keep",""
"649","14","m","MacCacheCleanup","","keep",""
"650","14","m","MacEmergencyReport","","keep",""
"651","15","a","AndroidDeviceInfo","","keep","impl-piloto-v2"
"652","15","a","AndroidBatteryReport","","keep",""
"653","15","a","AndroidStorageReport","","keep",""
"654","15","a","AndroidPackageList","","keep",""
"655","15","a","AndroidAppBackup","","keep",""
"656","15","a","AndroidAppRestore","","keep",""
"657","15","a","AndroidScreenshot","","keep",""
"658","15","a","AndroidScreenRecording","","keep",""
"659","15","a","AndroidLogCollector","","keep",""
"660","15","a","AndroidLogMonitor","","keep",""
"661","15","a","AndroidNetworkReport","","keep",""
"662","15","a","AndroidWiFiReport","","keep",""
"663","15","a","AndroidProcessReport","","keep",""
"664","15","a","AndroidMemoryReport","","keep",""
"665","15","a","AndroidPermissionReport","","keep",""
"666","15","a","AndroidDisabledApps","","keep",""
"667","15","a","AndroidPackageCleanup","","keep",""
"668","15","a","AndroidDeveloperSetup","","keep",""
"669","15","a","AndroidDeviceHealth","","keep",""
"670","15","a","AndroidADBDoctor","","keep",""
"671","15","a","AndroidMultiDeviceManager","","keep",""
"672","15","a","AndroidBatchInstall","","keep",""
"673","15","a","AndroidBatchUninstall","","keep",""
"674","15","a","AndroidAPKInventory","","keep",""
"675","15","a","AndroidEmergencyBackup","","keep",""
"676","16","w","BackupVerifier","","keep",""
"677","16","w","BackupIntegrityCheck","","keep",""
"678","16","w","BackupManifest","","keep",""
"679","16","w","BackupDiff","","keep",""
"680","16","w","BackupRotation","","keep",""
"681","16","w","BackupRetentionManager","","keep",""
"682","16","w","BackupAgeReport","","keep",""
"683","16","w","BackupFailureAlert","","keep",""
"684","16","w","BackupDestinationTest","","keep",""
"685","16","w","BackupPermissionTest","","keep",""
"686","16","w","BackupDiskSpaceCheck","","keep",""
"687","16","w","BackupCompressionTest","","keep",""
"688","16","w","BackupRestoreTest","","keep",""
"689","16","w","BackupDryRun","","keep",""
"690","16","w","BackupSimulation","","keep",""
"691","16","w","BackupReport","","keep",""
"692","16","w","BackupHistory","","keep",""
"693","16","w","BackupIndex","","keep",""
"694","16","w","BackupSearch","","keep",""
"695","16","w","BackupPruner","","keep",""
"696","16","w","BackupDeduplicator","","keep",""
"697","16","w","OfflineBackup","","keep",""
"698","16","w","ExternalDriveBackup","","keep",""
"699","16","w","USBBackup","","keep",""
"700","16","w","EmergencyBackup","","keep",""
"701","17","w","CSVInspector","","keep",""
"702","17","w","CSVColumnReport","","keep",""
"703","17","w","CSVDuplicateFinder","","keep",""
"704","17","w","JSONValidator","","keep",""
"705","17","w","JSONFormatter","","keep",""
"706","17","w","JSONMinifier","","keep",""
"707","17","w","XMLFormatter","","keep",""
"708","17","w","XMLValidator","","keep",""
"709","17","w","TXTStatistics","","keep",""
"710","17","w","TextDuplicateFinder","","keep",""
"711","17","w","TextEncodingDetector","","keep",""
"712","17","w","UTF8Converter","","keep",""
"713","17","w","LineEndingConverter","","keep",""
"714","17","w","CRLFToLF","","keep",""
"715","17","w","LFToCRLF","","keep",""
"716","17","w","FileHashReport","","keep",""
"717","17","w","SHA256Manifest","","keep",""
"718","17","w","ChecksumVerifier","","keep",""
"719","17","w","FileIntegrityMonitor","","keep",""
"720","17","w","FileChangeReport","","keep",""
"721","17","w","DirectoryDiff","","keep",""
"722","17","w","BinaryFileDetector","","keep",""
"723","17","w","ExtensionMismatchDetector","","keep",""
"724","17","w","SuspiciousExtensionReport","","keep",""
"725","17","w","DataInventory","","keep",""
"726","18","w","PrinterInventory","","keep",""
"727","18","w","PrinterQueueReport","","keep",""
"728","18","w","PrinterQueueCleaner","","keep",""
"729","18","w","PrinterSpoolerRestart","","remove","dup RestartPrintSpooler: reinicia spooler"
"730","18","w","PrinterDiagnostic","","keep",""
"731","18","w","DefaultPrinterManager","","keep",""
"732","18","w","PrinterDriverReport","","keep",""
"733","18","w","PrinterConnectionTest","","keep",""
"734","18","w","BluetoothDeviceReport","","keep",""
"735","18","w","BluetoothReset","","keep",""
"736","18","w","USBDeviceReport","","keep",""
"737","18","w","USBHistoryReport","","keep",""
"738","18","w","USBStorageInventory","","keep",""
"739","18","w","AudioDeviceReport","","keep",""
"740","18","w","AudioServiceReset","","keep",""
"741","18","w","MicrophoneTest","","keep",""
"742","18","w","SpeakerTest","","keep",""
"743","18","w","CameraTest","","keep",""
"744","18","w","KeyboardDiagnostic","","keep",""
"745","18","w","PeripheralDoctor","","keep",""
"746","19","w","ServerHealthReport","","keep",""
"747","19","w","ServerResourceReport","","keep",""
"748","19","w","ServerDiskAlert","","keep",""
"749","19","w","ServerMemoryAlert","","keep",""
"750","19","w","ServerCPUAlert","","keep",""
"751","19","w","ServerServiceMonitor","","keep",""
"752","19","w","ServerPortMonitor","","keep",""
"753","19","w","ServerLogCollector","","keep",""
"754","19","w","ServerBackupCheck","","keep",""
"755","19","w","ServerUptimeReport","","keep",""
"756","19","w","ServerRebootScheduler","","keep",""
"757","19","w","ServerMaintenanceMode","","keep",""
"758","19","w","ServerMaintenanceReport","","keep",""
"759","19","w","DeploymentChecklist","","keep",""
"760","19","w","DeploymentPreflight","","keep",""
"761","19","w","DeploymentRollback","","keep",""
"762","19","w","ReleaseArtifactCheck","","keep",""
"763","19","w","ReleaseHashGenerator","","keep",""
"764","19","w","ReleaseManifestGenerator","","keep",""
"765","19","w","BuildArtifactCleaner","","remove","dup CleanBuild: remove pastas de build/dependencias"
"766","19","w","BuildArtifactArchive","","keep",""
"767","19","w","CIEnvironmentReport","","keep",""
"768","19","w","CIEnvironmentDoctor","","keep",""
"769","19","w","ProductionHealthCheck","","keep",""
"770","19","w","IncidentBundle","","keep",""
"771","20","w","CPUHistoryLogger","","keep",""
"772","20","w","MemoryHistoryLogger","","keep",""
"773","20","w","DiskHistoryLogger","","keep",""
"774","20","w","NetworkHistoryLogger","","keep",""
"775","20","w","ProcessHistoryLogger","","keep",""
"776","20","w","TemperatureLogger","","keep",""
"777","20","w","BatteryLogger","","keep",""
"778","20","w","PingHistoryLogger","","keep",""
"779","20","w","ServiceAvailabilityLogger","","keep",""
"780","20","w","WebsiteAvailabilityLogger","","keep",""
"781","20","w","PortAvailabilityLogger","","keep",""
"782","20","w","SystemEventLogger","","keep",""
"783","20","w","ApplicationEventLogger","","keep",""
"784","20","w","ResourceThresholdAlert","","keep",""
"785","20","w","DiskThresholdAlert","","keep",""
"786","20","w","MemoryThresholdAlert","","keep",""
"787","20","w","CPUThresholdAlert","","keep",""
"788","20","w","NetworkThresholdAlert","","keep",""
"789","20","w","HealthDashboardGenerator","","keep",""
"790","20","w","DiagnosticsTimeline","","keep",""
"791","21","w","ImageDimensionsReport","","keep",""
"792","21","w","ImageDuplicateFinder","","keep",""
"793","21","w","ImageHashReport","","keep",""
"794","21","w","VideoFileReport","","keep",""
"795","21","w","VideoDuplicateFinder","","keep",""
"796","21","w","AudioFileReport","","keep",""
"797","21","w","AudioDuplicateFinder","","keep",""
"798","21","w","MediaSizeReport","","keep",""
"799","21","w","MediaDateNormalizer","","keep",""
"800","21","w","PhotoFolderGenerator","","keep",""
"801","21","w","VideoFolderGenerator","","keep",""
"802","21","w","RecordingOrganizer","","keep",""
"803","21","w","ScreenshotDeduplicator","","keep",""
"804","21","w","MediaBackupVerifier","","keep",""
"805","21","w","CreatorMediaDoctor","","keep",""
"806","22","w","EnvironmentDoctor","","keep",""
"807","22","w","PathDoctor","","keep",""
"808","22","w","CommandAvailability","","keep",""
"809","22","w","MissingCommandFinder","","keep",""
"810","22","w","ExecutableLocator","","keep",""
"811","22","w","DLLSearchReport","","keep",""
"812","22","w","RuntimeInventory","","keep",""
"813","22","w","VC++RuntimeCheck","","keep",""
"814","22","w","DotNetRuntimeCheck","","keep",""
"815","22","w","JavaRuntimeCheck","","keep",""
"816","22","w","PythonRuntimeCheck","","keep",""
"817","22","w","NodeRuntimeCheck","","keep",""
"818","22","w","GitRuntimeCheck","","keep",""
"819","22","w","SSHRuntimeCheck","","keep",""
"820","22","w","OpenSSLRuntimeCheck","","keep",""
"821","22","w","CompilerInventory","","keep",""
"822","22","w","SDKInventory","","keep",""
"823","22","w","CLIInventory","","keep",""
"824","22","w","DeveloperPathRepair","","keep",""
"825","22","w","UniversalRuntimeDoctor","","keep",""
"826","23","w","TerminalScreensaver","","keep",""
"827","23","w","ASCIIClock","","keep",""
"828","23","w","ASCIIWeather","","keep",""
"829","23","w","TerminalCalendar","","keep",""
"830","23","w","TerminalTodo","","keep",""
"831","23","w","TerminalRandomQuote","","keep",""
"832","23","w","TerminalFortune","","keep",""
"833","23","w","TerminalDice","","keep",""
"834","23","w","TerminalLotterySimulator","","keep",""
"835","23","w","TerminalAdventure","","keep",""
"836","23","w","TerminalRPG","","keep",""
"837","23","w","TerminalMaze","","keep",""
"838","23","w","TerminalMemoryGame","","keep",""
"839","23","w","TerminalTrivia","","keep",""
"840","23","w","TerminalGameHub","","keep",""
"841","24","w","ContentProjectCreator","","keep",""
"842","24","w","YouTubeProjectCreator","","keep",""
"843","24","w","ShortsProjectCreator","","keep",""
"844","24","w","TikTokProjectCreator","","keep",""
"845","24","w","PodcastProjectCreator","","keep",""
"846","24","w","StreamProjectCreator","","keep",""
"847","24","w","ThumbnailProjectCreator","","keep",""
"848","24","w","VideoEpisodeCreator","","keep",""
"849","24","w","ContentCalendarGenerator","","keep",""
"850","24","w","VideoFolderTemplate","","keep",""
"851","24","w","AudioFolderTemplate","","keep",""
"852","24","w","ThumbnailFolderTemplate","","keep",""
"853","24","w","RecordingFolderTemplate","","keep",""
"854","24","w","ExportFolderTemplate","","keep",""
"855","24","w","RenderFolderTemplate","","keep",""
"856","24","w","ContentBackup","","keep",""
"857","24","w","ContentArchive","","keep",""
"858","24","w","CreatorStorageReport","","keep",""
"859","24","w","CreatorWorkspace","","keep",""
"860","24","w","CreatorDoctor","","keep",""
"861","25","w","WhyIsPCSlow","","keep",""
"862","25","w","WhyIsInternetSlow","","keep",""
"863","25","w","WhyIsDiskFull","","keep",""
"864","25","w","WhyIsCPUHigh","","keep",""
"865","25","w","WhyIsRAMFull","","keep",""
"866","25","w","WhyIsWiFiDropping","","keep",""
"867","25","w","WhyIsAppCrashing","","keep",""
"868","25","w","WhyIsExplorerSlow","","keep",""
"869","25","w","WhyIsWindowsBootingSlow","","keep",""
"870","25","w","WhyIsShutdownSlow","","keep",""
"871","25","w","WhyIsUSBNotWorking","","keep",""
"872","25","w","WhyIsPrinterNotWorking","","keep",""
"873","25","w","WhyIsBluetoothNotWorking","","keep",""
"874","25","w","WhyIsAudioNotWorking","","keep",""
"875","25","w","WhyIsMicrophoneNotWorking","","keep",""
"876","25","w","WhyIsCameraNotWorking","","keep",""
"877","25","w","WhyIsDNSFailing","","keep",""
"878","25","w","WhyIsVPNFailing","","keep",""
"879","25","w","WhyIsGitFailing","","keep",""
"880","25","w","WhyIsDeveloperEnvironmentBroken","","keep",""
"881","26","w","WeakSecuritySettings","","keep",""
"882","26","w","MissingSecurityUpdates","","keep",""
"883","26","w","OldDriverDetector","","keep",""
"884","26","w","OldRuntimeDetector","","keep",""
"885","26","w","ExposedServiceAudit","","keep",""
"886","26","w","UnexpectedPortAudit","","keep",""
"887","26","w","WeakFirewallRuleAudit","","keep",""
"888","26","w","InsecureProtocolAudit","","keep",""
"889","26","w","PlaintextConfigScanner","","keep",""
"890","26","w","CredentialFileScanner","","keep",""
"891","26","w","PrivateKeyFileScanner","","keep",""
"892","26","w","SecretPatternScanner","","keep",""
"893","26","w","WorldWritableDirectoryAudit","","keep",""
"894","26","w","WritableExecutablePathAudit","","keep",""
"895","26","w","DangerousStartupAudit","","keep",""
"896","26","w","SuspiciousTaskAudit","","keep",""
"897","26","w","SuspiciousServiceAudit","","keep",""
"898","26","w","UnsignedBinaryAudit","","keep",""
"899","26","w","HashBaselineAudit","","keep",""
"900","26","w","LocalSecurityAssessment","","keep",""
"901","27","w","SecurityChecklist","","keep",""
"902","27","w","PrivacyChecklist","","keep",""
"903","27","w","BackupChecklist","","keep",""
"904","27","w","ReleaseChecklist","","keep",""
"905","27","w","DeploymentChecklist","","remove","dup interno de 759:DeploymentChecklist"
"906","27","w","ServerChecklist","","keep",""
"907","27","w","WorkstationChecklist","","keep",""
"908","27","w","DeveloperMachineChecklist","","keep",""
"909","27","w","NewPCChecklist","","keep",""
"910","27","w","PCOffboardingChecklist","","keep",""
"911","27","w","PCOnboardingChecklist","","keep",""
"912","27","w","IncidentChecklist","","keep",""
"913","27","w","RecoveryChecklist","","keep",""
"914","27","w","AuditChecklist","","keep",""
"915","27","w","ComplianceReport","","keep",""
"916","28","w","NewPCSetup","","keep",""
"917","28","w","DeveloperPCSetup","","keep",""
"918","28","w","GamingPCSetup","","keep",""
"919","28","w","StudyPCSetup","","keep",""
"920","28","w","WorkPCSetup","","keep",""
"921","28","w","CreatorPCSetup","","keep",""
"922","28","w","CleanInstallSetup","","keep",""
"923","28","w","PostInstallSetup","","keep",""
"924","28","w","EssentialAppsSetup","","keep",""
"925","28","w","DeveloperAppsSetup","","keep",""
"926","28","w","MediaAppsSetup","","keep",""
"927","28","w","GamingAppsSetup","","keep",""
"928","28","w","ProductivityAppsSetup","","keep",""
"929","28","w","BrowserSetup","","keep",""
"930","28","w","GitSetup","","keep",""
"931","28","w","SSHSetup","","keep",""
"932","28","w","PythonSetup","","keep",""
"933","28","w","NodeSetup","","keep",""
"934","28","w","RustSetup","","keep",""
"935","28","w","UniversalDevBootstrap","","keep",""
"936","29","w","PCMigrationAssistant","","keep",""
"937","29","w","UserMigration","","keep",""
"938","29","w","DocumentsMigration","","keep",""
"939","29","w","DesktopMigration","","keep",""
"940","29","w","DownloadsMigration","","keep",""
"941","29","w","BrowserMigration","","keep",""
"942","29","w","SSHMigration","","keep",""
"943","29","w","GitMigration","","keep",""
"944","29","w","EnvironmentMigration","","keep",""
"945","29","w","DeveloperMigration","","keep",""
"946","29","w","ApplicationInventoryExport","","keep",""
"947","29","w","ApplicationInventoryImport","","keep",""
"948","29","w","ConfigurationExport","","keep",""
"949","29","w","ConfigurationImport","","keep",""
"950","29","w","MigrationReport","","keep",""
"951","30","w","EmergencyNetworkFix","","keep",""
"952","30","w","EmergencyDiskReport","","keep","impl-piloto-v2"
"953","30","w","EmergencyMemoryReport","","keep",""
"954","30","w","EmergencyCPUReport","","keep",""
"955","30","w","EmergencyStartupReport","","keep",""
"956","30","w","EmergencyDriverReport","","keep",""
"957","30","w","EmergencyServiceReport","","keep",""
"958","30","w","EmergencySecurityReport","","keep",""
"959","30","w","EmergencyBackup","","remove","dup interno de 700:EmergencyBackup"
"960","30","w","EmergencyUserBackup","","keep",""
"961","30","w","EmergencyLogs","","keep",""
"962","30","w","EmergencySystemSnapshot","","keep",""
"963","30","w","EmergencyRestoreGuide","","keep",""
"964","30","w","EmergencyConnectivity","","keep",""
"965","30","w","EmergencyStorageCleanup","","keep",""
"966","30","w","EmergencyProcessReport","","keep",""
"967","30","w","EmergencyWindowsReport","","keep",""
"968","30","w","EmergencyDeveloperReport","","keep",""
"969","30","w","EmergencyServerReport","","keep",""
"970","30","w","EmergencyFullBundle","","keep",""
